Applicant_Name,Gender,Loan_Purpose,Loan_Type,Annual_Income,Loan_Amount_Requested,Loan_Term,Credit_Score,Monthly_Expenses,Outstanding_Debt,Loan_Approval_Status
Nikhil Reddy,Male,Study,Secured,2200000,488000,48,756,71600,181000,1
Aishwarya Jadhav,Female,Gold,Secured,609000,476000,12,727,28100,202000,0
Radhika Singh,Female,Home,Secured,2997000,8751000,180,698,120600,645000,0
Kunal Bhat,Male,Gold,Secured,843000,393000,12,900,36900,52000,0
Praveen Deshmukh,Male,Personal,Unsecured,504000,261000,24,612,20000,102000,0
Harish Hegde,Male,Study,Unsecured,1410000,1778000,36,672,61500,233000,0
Vikram Singh,Male,Gold,Secured,800000,293000,36,464,16700,581000,0
Preeti Reddy,Female,Study,Secured,3000000,4152000,120,808,155600,151000,0
Nikhil Gupta,Male,Home,Secured,776000,1891000,240,592,19000,272000,0
Swati Rao,Female,Business,Unsecured,1171000,1297000,84,796,40300,240000,1
Ramesh Hegde,Male,Business,Secured,450000,658000,60,785,20900,73000,1
Divya Bhat,Female,Card,Unsecured,1540000,438000,12,900,54400,100000,1
Tanvi Kadam,Female,Personal,Unsecured,642000,381000,24,751,33600,180000,0
Harish Kumar,Male,Personal,Unsecured,1442000,933000,60,641,52500,535000,0
Anand Rao,Male,Study,Secured,778000,985000,48,730,38900,117000,0
Kunal Kumar,Male,Personal,Unsecured,319000,252000,12,596,15300,31000,0
Suresh Pawar,Male,Business,Secured,1058000,2578000,60,715,56600,235000,0
Sachin Singh,Male,Business,Secured,1033000,1987000,24,658,53400,329000,0
Deepak Gaikwad,Male,Gold,Secured,1599000,919000,24,672,81200,2000,0
Deepak Shinde,Male,Business,Unsecured,2317000,4102000,120,581,104800,585000,0
Siddharth Patil,Male,Business,Secured,2819000,1158000,84,713,93200,673000,1
Deepak Mehta,Male,Home,Secured,1584000,4921000,180,771,38600,202000,0
Siddharth Bhat,Male,Home,Secured,1148000,2366000,240,498,50300,541000,0
Anand Jadhav,Male,Home,Secured,449000,500000,180,604,24000,44000,0
Rohan Reddy,Male,Home,Secured,1100000,791000,240,698,49600,348000,1
Swati Verma,Female,Business,Unsecured,1108000,1492000,12,422,57400,643000,0
Rohan Deshmukh,Male,Study,Unsecured,883000,810000,36,871,42100,188000,0
Kiran Singh,Male,Business,Secured,1395000,2167000,60,602,36600,219000,0
Praveen Gaikwad,Male,Gold,Secured,1825000,1765000,48,577,53200,213000,0
Pradeep Kumar,Male,Card,Unsecured,628000,258000,36,657,20200,207000,1
Nikhil Jadhav,Male,Gold,Secured,622000,638000,12,695,16400,112000,0
Gaurav Kulkarni,Male,Study,Unsecured,912000,371000,36,597,36700,183000,0
Harish Nair,Male,Business,Secured,702000,424000,84,788,37500,146000,0
Preeti Sharma,Female,Personal,Unsecured,399000,198000,12,724,18400,72000,0
Aishwarya Nair,Female,Home,Secured,569000,1250000,180,588,19900,58000,0
Sunita Reddy,Female,Personal,Unsecured,500000,50000,12,623,10500,24000,1
Aditya Gaikwad,Male,Card,Unsecured,1914000,642000,12,513,59900,496000,0
Rohan Mehta,Male,Gold,Secured,2512000,624000,36,542,96400,1644000,0
Ananya Gaikwad,Female,Home,Secured,539000,1272000,180,723,17100,48000,0
Manish Nair,Male,Personal,Unsecured,1330000,461000,24,589,32600,30000,0
Deepak Patil,Male,Gold,Secured,1592000,1526000,24,878,56700,508000,1
Siddharth Iyer,Male,Home,Secured,433000,1437000,240,688,12700,27000,0
Varun Bhat,Male,Personal,Unsecured,1076000,296000,24,531,55000,619000,0
Vidya Reddy,Female,Gold,Secured,3967000,5000000,36,554,96100,537000,0
Sachin Jadhav,Male,Personal,Unsecured,1429000,646000,60,796,32100,72000,1
Meera Rao,Female,Home,Secured,860000,2291000,120,672,18100,143000,0
Ramesh Kumar,Male,Business,Secured,724000,1548000,120,789,23000,4000,0
Varun Deshmukh,Male,Gold,Secured,324000,335000,12,640,13900,109000,0
Aarav Bhat,Male,Business,Unsecured,1275000,2142000,36,618,57600,262000,0
Rohan Nair,Male,Home,Secured,2874000,5750000,180,803,103300,160000,1
Ritu Jadhav,Female,Personal,Unsecured,629000,57000,60,586,27500,60000,0
Preeti Kulkarni,Female,Personal,Unsecured,340000,50000,24,734,11200,61000,0
Preeti Deshmukh,Female,Business,Secured,683000,865000,36,657,29400,52000,0
Aishwarya Sharma,Female,Study,Unsecured,1599000,907000,120,777,35500,172000,1
Kunal Iyer,Male,Home,Secured,778000,1445000,180,880,26300,166000,1
Anjali Gupta,Female,Gold,Secured,627000,184000,36,637,29600,209000,0
Nikhil Bhat,Male,Home,Secured,995000,3068000,120,620,47400,160000,0
Abhishek Kulkarni,Male,Personal,Unsecured,1117000,774000,36,753,49900,320000,0
Pradeep Deshmukh,Male,Home,Secured,459000,1738000,60,561,12700,161000,0
Amit Shah,Male,Personal,Unsecured,874000,366000,12,858,25400,76000,0
Vikram Kumar,Male,Business,Secured,749000,1642000,36,839,40500,242000,0
Abhishek Iyer,Male,Business,Secured,692000,1806000,36,570,16800,210000,0
Pallavi Shah,Female,Home,Secured,563000,1106000,240,506,15100,233000,0
Manish Verma,Male,Business,Unsecured,1652000,1876000,120,552,41600,654000,0
Siddharth Shinde,Male,Home,Secured,691000,2611000,240,554,21900,73000,0
Rahul Singh,Male,Study,Unsecured,329000,270000,84,768,9200,34000,1
Varun More,Male,Card,Unsecured,1139000,482000,36,850,42600,352000,1
Vidya Pawar,Female,Personal,Unsecured,1467000,270000,12,767,53800,255000,1
Manish Iyer,Male,Business,Unsecured,636000,377000,60,654,32400,84000,0
Sunita Shah,Female,Personal,Unsecured,724000,493000,24,718,15900,52000,1
Ananya Gupta,Female,Home,Secured,689000,1825000,180,584,21700,211000,0
Gaurav Patil,Male,Personal,Unsecured,814000,240000,48,801,33100,256000,1
Abhishek Joshi,Male,Study,Unsecured,1810000,667000,48,728,74200,410000,1
Rakshita Deshmukh,Female,Business,Secured,925000,1665000,84,765,34100,354000,0
Suman Rao,Female,Home,Secured,1562000,3973000,120,600,75000,199000,0
Tanvi Bhat,Female,Gold,Secured,578000,225000,36,661,13300,51000,1
Shreya Patil,Female,Business,Secured,797000,2071000,12,760,38300,216000,0
Varun Bhat,Male,Gold,Secured,1664000,363000,36,839,62100,505000,1
Ramesh Patil,Male,Business,Secured,632000,797000,60,613,16000,57000,0
Deepak Chavan,Male,Business,Secured,1718000,3671000,36,766,86500,53000,0
Jyoti Jadhav,Female,Home,Secured,697000,1017000,120,602,29600,226000,0
Sneha Patil,Female,Home,Secured,825000,2802000,60,900,21700,322000,0
Vikram Nair,Male,Card,Unsecured,2467000,1492000,12,634,54200,636000,0
Abhishek Rao,Male,Home,Secured,775000,2528000,180,751,19800,86000,0
Suresh Kulkarni,Male,Card,Unsecured,1067000,149000,60,698,43900,425000,0
Anand Deshmukh,Male,Business,Secured,1382000,939000,24,900,37100,494000,0
Ananya Shah,Female,Home,Secured,1115000,1675000,240,705,31600,229000,1
Shreya Jadhav,Female,Home,Secured,1133000,2621000,240,623,24600,374000,0
Sneha Gupta,Female,Home,Secured,954000,2975000,180,750,42900,311000,0
Rohan Verma,Male,Card,Unsecured,481000,326000,36,748,23000,180000,0
Pradeep Mehta,Male,Personal,Unsecured,1192000,689000,48,663,56500,401000,0
Shreya Rao,Female,Personal,Unsecured,658000,491000,24,560,16500,169000,0
Kavya Deshmukh,Female,Personal,Unsecured,1509000,912000,24,622,76900,368000,0
Kiran Verma,Male,Home,Secured,2094000,3292000,60,777,90600,391000,1
Pallavi Rao,Female,Personal,Unsecured,365000,91000,60,488,18500,210000,0
Vikram Singh,Male,Home,Secured,2096000,6155000,240,653,74900,667000,0
Amit Hegde,Male,Gold,Secured,785000,290000,36,789,27800,304000,1
Deepak Joshi,Male,Personal,Unsecured,916000,109000,12,670,43000,171000,1
Amit Hegde,Male,Personal,Unsecured,596000,268000,24,900,14300,137000,1
Manish Deshmukh,Male,Personal,Unsecured,1092000,728000,12,488,41700,510000,0
Manish Bhat,Male,Personal,Unsecured,1021000,129000,12,574,49700,273000,0
Preeti Singh,Female,Card,Unsecured,1780000,1146000,36,425,86300,1029000,0
Manish Pawar,Male,Business,Unsecured,655000,1632000,120,899,34500,5000,0
Rohan Jadhav,Male,Home,Secured,2455000,5371000,240,576,108300,531000,0
Kavya Verma,Female,Business,Secured,1419000,645000,60,461,39400,359000,0
Arjun Nair,Male,Home,Secured,1035000,1150000,60,613,22300,11000,0
Manish Sharma,Male,Home,Secured,891000,2652000,120,527,32800,601000,0
Neha Jadhav,Female,Card,Unsecured,832000,486000,24,613,31600,86000,0
Rajesh Hegde,Male,Study,Unsecured,862000,1170000,60,685,24900,117000,0
Arjun Sharma,Male,Card,Unsecured,1080000,526000,48,769,27000,28000,1
Sachin Gupta,Male,Personal,Unsecured,878000,126000,24,661,35400,63000,1
Manish Shah,Male,Business,Secured,692000,434000,36,683,32000,212000,0
Swati Kadam,Female,Home,Secured,1084000,3278000,60,616,58500,214000,0
Sunita Kulkarni,Female,Home,Secured,622000,711000,120,514,28700,453000,0
Neha Kumar,Female,Gold,Secured,1176000,658000,24,477,55600,515000,0
Rakshita Shah,Female,Personal,Unsecured,871000,362000,12,640,36000,94000,0
Swati Pawar,Female,Gold,Secured,1444000,194000,24,689,77500,201000,1
Praveen Mehta,Male,Study,Unsecured,1696000,760000,84,632,71500,484000,0
Sunita Shah,Female,Home,Secured,1696000,3269000,180,481,84000,904000,0
Kunal Kumar,Male,Business,Unsecured,1173000,1238000,12,702,61400,424000,0
Preeti Kulkarni,Female,Study,Secured,1251000,364000,36,859,64800,301000,1
Ananya Iyer,Female,Home,Secured,824000,2512000,180,667,27600,162000,0
Manish Reddy,Male,Gold,Secured,1429000,1770000,24,616,33500,449000,0
Siddharth Verma,Male,Business,Secured,1521000,1514000,36,673,40400,576000,0
Manish Iyer,Male,Home,Secured,416000,1336000,180,559,9500,59000,0
Gaurav Gupta,Male,Business,Unsecured,1212000,1625000,36,551,29500,121000,0
Jyoti Singh,Female,Card,Unsecured,2090000,899000,36,730,56400,515000,1
Ananya Jadhav,Female,Home,Secured,809000,2828000,180,789,26100,161000,0
Manish Patil,Male,Gold,Secured,718000,826000,48,664,28000,284000,0
Sachin Joshi,Male,Home,Secured,782000,2595000,180,463,34800,373000,0
Rajesh Kumar,Male,Study,Unsecured,430000,125000,24,719,12000,13000,1
Ramesh Gupta,Male,Study,Secured,1055000,208000,48,900,45600,412000,1
Aditya Rao,Male,Personal,Unsecured,1001000,721000,36,653,44400,338000,0
Amit More,Male,Personal,Unsecured,1097000,374000,60,660,43300,78000,1
Pooja Shinde,Female,Study,Unsecured,1238000,623000,60,584,63100,448000,0
Rahul Chavan,Male,Personal,Unsecured,635000,377000,60,733,15600,87000,1
Rahul Bhat,Male,Study,Unsecured,1144000,1454000,120,606,30600,173000,0
Meera More,Female,Home,Secured,1256000,4420000,180,792,44100,455000,0
Gaurav Mehta,Male,Gold,Secured,753000,408000,36,608,18900,160000,0
Suman Sharma,Female,Study,Secured,1241000,1605000,48,718,49300,68000,0
Suman Jadhav,Female,Card,Unsecured,1029000,83000,60,675,35100,152000,0
Deepak Chavan,Male,Home,Secured,696000,500000,240,851,21100,201000,1
Anand Rao,Male,Business,Unsecured,1150000,2281000,24,725,30500,80000,0
Pradeep Kulkarni,Male,Business,Unsecured,839000,395000,60,833,26900,198000,1
Rohan Shinde,Male,Personal,Unsecured,1445000,424000,12,692,59400,402000,0
Pradeep Kumar,Male,Personal,Unsecured,863000,479000,24,661,34500,119000,0
Kiran Sharma,Male,Home,Secured,484000,813000,120,676,12700,134000,1
Vikram Rao,Male,Study,Unsecured,1140000,401000,60,595,28500,403000,0
Nikhil Pawar,Male,Business,Unsecured,1117000,1184000,84,738,24300,211000,1
Kiran Gaikwad,Male,Home,Secured,543000,1141000,120,604,11500,83000,0
Ananya Iyer,Female,Study,Unsecured,1488000,1139000,24,692,74600,149000,0
Aditya Kulkarni,Male,Personal,Unsecured,1446000,921000,24,774,32300,349000,1
Gaurav Patil,Male,Home,Secured,610000,1907000,180,854,27600,215000,0
Manish Gupta,Male,Card,Unsecured,685000,269000,24,698,34200,89000,0
Divya Rao,Female,Card,Unsecured,911000,623000,24,775,22000,144000,1
Praveen Shah,Male,Business,Unsecured,649000,395000,24,762,23000,106000,0
Bhavna Verma,Female,Home,Secured,1400000,1951000,180,638,74100,314000,0
Anjali Iyer,Female,Study,Unsecured,1069000,1346000,36,900,52000,98000,0
Varun More,Male,Personal,Unsecured,540000,180000,36,617,20100,178000,0
Deepa Patil,Female,Personal,Unsecured,626000,492000,12,690,29000,74000,0
Gaurav Reddy,Male,Personal,Unsecured,1892000,756000,36,840,92000,534000,0
Pallavi Kadam,Female,Business,Secured,2291000,5586000,24,837,74300,470000,0
Anjali Hegde,Female,Business,Secured,1324000,1835000,36,682,67000,310000,0
Amit Shinde,Male,Personal,Unsecured,877000,323000,24,789,32000,63000,1
Vikram Pawar,Male,Business,Secured,773000,1031000,60,655,29700,227000,0
Rakshita Patil,Female,Card,Unsecured,1332000,785000,60,626,72100,100000,0
Aarav Joshi,Male,Personal,Unsecured,1027000,473000,60,547,50300,275000,0
Nikhil Verma,Male,Study,Secured,406000,577000,48,760,13400,89000,0
Rohan Bhat,Male,Gold,Secured,1737000,784000,24,771,36800,493000,1
Abhishek Reddy,Male,Personal,Unsecured,2064000,259000,48,618,86100,41000,0
Preeti Rao,Female,Personal,Unsecured,1477000,509000,36,709,65400,41000,0
Pradeep Hegde,Male,Business,Secured,540000,1061000,24,900,23000,173000,0
Arjun Iyer,Male,Business,Unsecured,694000,1821000,84,806,36800,225000,0
Gaurav Kadam,Male,Gold,Secured,354000,207000,24,581,17600,35000,0
Kavya Rao,Female,Personal,Unsecured,2369000,1280000,12,790,84800,583000,0
Anand Chavan,Male,Card,Unsecured,809000,253000,24,581,18500,143000,0
Bhavna Kumar,Female,Home,Secured,3553000,9452000,120,362,130400,2059000,0
Rohan Reddy,Male,Home,Secured,2886000,10380000,180,678,126400,996000,0
Vidya Jadhav,Female,Business,Unsecured,599000,554000,24,852,24600,19000,0
Rohan Shinde,Male,Personal,Unsecured,667000,236000,12,834,25900,208000,0
Anand Rao,Male,Home,Secured,1272000,5058000,120,721,46400,251000,0
Anand Kumar,Male,Personal,Unsecured,375000,263000,36,620,11500,85000,0
Jyoti Reddy,Female,Personal,Unsecured,774000,366000,36,734,23300,202000,0
Bhavna Kulkarni,Female,Home,Secured,732000,1690000,180,650,27500,270000,0
Suresh Joshi,Male,Card,Unsecured,2725000,718000,12,623,71400,62000,0
Aishwarya More,Female,Home,Secured,1076000,2486000,120,797,34600,13000,0
Suman Kadam,Female,Study,Unsecured,842000,1084000,120,622,26600,60000,0
Kunal Verma,Male,Study,Unsecured,696000,737000,48,804,28100,275000,0
Abhishek Singh,Male,Card,Unsecured,1610000,431000,24,615,37100,461000,0
Kiran Nair,Male,Home,Secured,749000,903000,60,900,36300,184000,0
Gaurav Singh,Male,Gold,Secured,958000,451000,36,500,37900,219000,0
Vidya Chavan,Female,Business,Unsecured,693000,526000,36,575,29900,244000,0
Preeti Iyer,Female,Business,Secured,427000,238000,24,663,18900,139000,0
Anjali Joshi,Female,Business,Secured,569000,815000,24,462,17400,341000,0
Kiran Nair,Male,Gold,Secured,747000,193000,24,397,27300,301000,0
Aarav Joshi,Male,Personal,Unsecured,852000,152000,48,463,44900,206000,0
Shreya Singh,Female,Study,Unsecured,873000,756000,84,648,40500,203000,0
Deepa More,Female,Business,Unsecured,938000,698000,60,651,49900,270000,0
Radhika Jadhav,Female,Study,Unsecured,753000,143000,60,717,34400,28000,0
Shreya Bhat,Female,Card,Unsecured,2068000,596000,12,658,55200,524000,1
Meera Iyer,Female,Home,Secured,1658000,2108000,180,713,38100,190000,1
Nikhil Hegde,Male,Card,Unsecured,914000,399000,36,630,36600,279000,0
Harish More,Male,Home,Secured,1132000,972000,120,759,37100,244000,1
Bhavna Sharma,Female,Home,Secured,802000,2511000,240,745,24100,41000,0
Ramesh Singh,Male,Home,Secured,300000,1102000,120,644,14300,63000,0
Deepak Sharma,Male,Personal,Unsecured,996000,605000,24,739,32900,158000,0
Aditya Sharma,Male,Business,Unsecured,1165000,2026000,60,659,36600,84000,0
Priya Gupta,Female,Home,Secured,406000,1426000,180,513,20000,286000,0
Manish Sharma,Male,Home,Secured,1296000,3800000,180,779,63600,6000,0
Manish Shinde,Male,Card,Unsecured,844000,50000,12,580,27600,105000,0
Harish Kumar,Male,Gold,Secured,1186000,773000,48,778,57600,6000,0
Ananya Joshi,Female,Gold,Secured,858000,1108000,36,716,42200,33000,0
Divya Iyer,Female,Gold,Secured,1959000,1144000,24,671,68500,233000,0
Deepak Rao,Male,Study,Secured,1115000,166000,120,474,25700,259000,0
Ananya Mehta,Female,Home,Secured,1709000,5318000,240,849,35700,408000,1
Praveen Reddy,Male,Personal,Unsecured,1788000,1165000,12,640,68400,62000,0
Gaurav Singh,Male,Study,Unsecured,532000,173000,60,750,17200,149000,1
Deepa Patil,Female,Personal,Unsecured,656000,297000,12,667,35500,14000,0
Neha Gupta,Female,Study,Unsecured,1262000,465000,24,650,58800,30000,0
Neha Gupta,Female,Home,Secured,805000,2429000,180,701,37200,98000,0
Divya Gupta,Female,Personal,Unsecured,864000,219000,60,683,45500,310000,0
Deepak Reddy,Male,Business,Unsecured,1998000,2305000,24,651,100700,513000,0
Arjun Singh,Male,Business,Unsecured,830000,2143000,60,674,26100,256000,0
Deepak Shinde,Male,Business,Unsecured,578000,917000,24,727,15200,33000,0
Nikhil Kumar,Male,Study,Unsecured,622000,645000,60,735,28400,208000,0
Kiran Shinde,Male,Home,Secured,3270000,6240000,180,685,109400,11000,1
Aishwarya Kulkarni,Female,Home,Secured,893000,1378000,180,748,32700,76000,1
Vikram More,Male,Gold,Secured,465000,454000,24,633,19500,115000,0
Sneha Gupta,Female,Study,Unsecured,372000,118000,60,900,19000,56000,1
Sunita Iyer,Female,Home,Secured,698000,1260000,240,843,24300,275000,0
Deepa Chavan,Female,Gold,Secured,884000,347000,36,764,41500,11000,1
Harish Reddy,Male,Home,Secured,1660000,4873000,180,466,49400,1327000,0
Praveen Reddy,Male,Personal,Unsecured,1573000,1193000,60,747,69400,392000,0
Manish Nair,Male,Home,Secured,981000,3909000,60,643,20500,219000,0
Rajesh Pawar,Male,Study,Unsecured,767000,560000,60,572,38300,18000,0
Tanvi Iyer,Female,Study,Unsecured,1187000,538000,84,640,25900,130000,1
Rahul Nair,Male,Home,Secured,376000,771000,60,585,16800,139000,0
Arjun Gaikwad,Male,Gold,Secured,2927000,3765000,24,736,65500,415000,0
Vidya Gaikwad,Female,Personal,Unsecured,1411000,289000,24,858,41900,373000,1
Rajesh Reddy,Male,Personal,Unsecured,1586000,1212000,36,771,59300,634000,0
Preeti Joshi,Female,Home,Secured,545000,925000,180,900,19000,57000,1
Preeti Pawar,Female,Personal,Unsecured,1994000,1574000,24,509,54300,1088000,0
Suman Deshmukh,Female,Home,Secured,765000,2628000,180,624,24400,213000,0
Abhishek Gupta,Male,Business,Secured,583000,1448000,24,576,26300,38000,0
Rohan Mehta,Male,Gold,Secured,964000,525000,24,815,41600,57000,0
Radhika Patil,Female,Business,Secured,951000,308000,24,656,22100,174000,1
Harish Rao,Male,Home,Secured,544000,1000000,240,701,24900,84000,0
Priya Kumar,Female,Home,Secured,602000,937000,60,750,13600,172000,0
Meera Bhat,Female,Home,Secured,576000,500000,240,520,22400,139000,0
Vidya Jadhav,Female,Personal,Unsecured,580000,249000,36,612,17100,226000,0
Varun Deshmukh,Male,Study,Unsecured,795000,528000,48,790,32100,5000,1
Rahul Reddy,Male,Home,Secured,459000,1249000,240,620,13600,110000,0
Bhavna Jadhav,Female,Study,Secured,673000,653000,48,491,36100,362000,0
Deepak Bhat,Male,Gold,Secured,1749000,471000,24,581,54500,94000,1
Rajesh Gupta,Male,Personal,Unsecured,1549000,1212000,12,649,44800,94000,0
Rahul Kadam,Male,Gold,Secured,553000,200000,24,698,16700,175000,0
Ananya Kulkarni,Female,Business,Secured,1668000,2506000,24,672,84600,592000,0
Ananya Rao,Female,Business,Unsecured,334000,540000,12,612,14000,38000,0
Aditya Kulkarni,Male,Business,Unsecured,3745000,9345000,36,783,169200,656000,0
Vikram Kumar,Male,Personal,Unsecured,2013000,250000,12,666,103500,286000,0
Ramesh Pawar,Male,Home,Secured,724000,1448000,120,703,37100,21000,0
Radhika More,Female,Personal,Unsecured,1215000,633000,12,618,55200,327000,0
Pradeep Patil,Male,Personal,Unsecured,456000,96000,12,846,12500,151000,1
Manish Chavan,Male,Business,Unsecured,1018000,2030000,24,637,49800,124000,0
Kavya Kadam,Female,Home,Secured,890000,3322000,240,688,24600,353000,0
Anjali Sharma,Female,Card,Unsecured,622000,496000,12,794,28400,19000,0
Sneha Singh,Female,Study,Unsecured,761000,111000,60,711,33200,201000,0
Pooja Hegde,Female,Personal,Unsecured,721000,163000,12,708,33300,129000,0
Praveen Mehta,Male,Home,Secured,528000,837000,240,463,20400,247000,0
Pradeep Iyer,Male,Gold,Secured,614000,404000,12,755,25900,112000,0
Ritu Verma,Female,Gold,Secured,446000,196000,60,686,23500,46000,1
Tanvi Deshmukh,Female,Study,Secured,1578000,607000,60,740,38200,452000,1
Rakshita Joshi,Female,Personal,Unsecured,590000,452000,12,700,18400,170000,0
Swati Gupta,Female,Personal,Unsecured,503000,372000,48,618,20700,57000,0
Harish Rao,Male,Home,Secured,1564000,1039000,180,778,82800,523000,0
Anand Jadhav,Male,Home,Secured,1207000,2035000,120,702,29000,153000,1
Divya Shinde,Female,Study,Secured,1533000,1023000,60,538,33100,974000,0
Ananya Kumar,Female,Study,Secured,1630000,708000,120,824,37000,79000,1
Neha Bhat,Female,Business,Secured,2858000,5710000,36,523,64500,861000,0
Ananya Patil,Female,Gold,Secured,904000,901000,24,779,46200,114000,0
Rakshita Deshmukh,Female,Business,Secured,442000,1148000,60,844,19800,105000,0
Aarav Singh,Male,Personal,Unsecured,1143000,692000,36,558,49600,295000,0
Pradeep Jadhav,Male,Personal,Unsecured,681000,311000,48,666,26000,108000,0
Rahul Nair,Male,Card,Unsecured,582000,314000,36,656,27300,18000,0
Praveen Rao,Male,Home,Secured,1040000,1517000,120,661,27100,155000,1
Kiran Mehta,Male,Card,Unsecured,1585000,784000,60,881,53700,437000,1
Rohan More,Male,Gold,Secured,622000,488000,12,560,23100,167000,0
Anand Hegde,Male,Home,Secured,1985000,1919000,120,646,48700,127000,0
Ramesh Mehta,Male,Business,Unsecured,571000,545000,36,845,19900,2000,0
Pradeep Gupta,Male,Gold,Secured,861000,438000,36,644,27000,259000,0
Aarav Deshmukh,Male,Business,Unsecured,1218000,3405000,12,577,26800,52000,0
Varun Singh,Male,Card,Unsecured,795000,177000,36,709,20200,26000,1
Deepa Reddy,Female,Card,Unsecured,371000,99000,24,769,17200,0,1
Aarav More,Male,Personal,Unsecured,1640000,536000,24,637,35200,284000,0
Varun Shah,Male,Personal,Unsecured,699000,383000,48,741,36300,141000,0
Amit Rao,Male,Card,Unsecured,1483000,206000,24,529,35200,864000,0
Rakshita Reddy,Female,Study,Secured,491000,705000,24,535,23300,185000,0
Amit Bhat,Male,Home,Secured,540000,1906000,120,632,27400,153000,0
Jyoti Jadhav,Female,Home,Secured,1582000,3987000,240,745,82600,107000,0
Pradeep Jadhav,Male,Business,Secured,1187000,2516000,12,764,59100,395000,0
Nikhil Rao,Male,Card,Unsecured,774000,50000,24,550,23500,177000,0
Vikram Reddy,Male,Gold,Secured,1197000,688000,36,760,38200,280000,1
Varun Chavan,Male,Study,Unsecured,583000,708000,48,698,20400,49000,0
Ritu Verma,Female,Home,Secured,1046000,807000,60,583,26600,31000,0
Shreya Deshmukh,Female,Personal,Unsecured,1057000,277000,36,533,22800,506000,0
Bhavna Sharma,Female,Gold,Secured,802000,737000,24,705,39900,197000,0
Praveen Patil,Male,Home,Secured,622000,869000,240,822,24400,24000,1
Vikram Deshmukh,Male,Personal,Unsecured,1023000,768000,12,684,42100,389000,0
Vidya Deshmukh,Female,Home,Secured,955000,916000,180,577,49400,375000,0
Aarav Bhat,Male,Study,Secured,762000,927000,48,475,32800,402000,0
Rajesh Iyer,Male,Card,Unsecured,558000,240000,24,848,24500,212000,0
Pradeep Mehta,Male,Personal,Unsecured,991000,607000,36,795,46600,71000,0
Varun Kadam,Male,Personal,Unsecured,763000,216000,24,713,18900,8000,1
Preeti Jadhav,Female,Business,Unsecured,557000,941000,24,843,18300,9000,0
Deepa Verma,Female,Card,Unsecured,1008000,698000,36,705,53500,237000,0
Preeti Kumar,Female,Home,Secured,2385000,5090000,180,622,123100,59000,0
Abhishek Rao,Male,Personal,Unsecured,805000,257000,24,741,40500,309000,0
Kiran Chavan,Male,Personal,Unsecured,2244000,1015000,12,589,80600,127000,0
Praveen Reddy,Male,Gold,Secured,3150000,3479000,12,570,155600,384000,0
Vikram Shinde,Male,Personal,Unsecured,583000,223000,12,765,13100,192000,0
Praveen Nair,Male,Home,Secured,990000,3748000,60,774,25500,87000,0
Bhavna Hegde,Female,Business,Secured,3132000,3434000,36,540,108500,1083000,0
Preeti Mehta,Female,Study,Unsecured,921000,705000,84,544,34000,539000,0
Praveen Singh,Male,Home,Secured,1005000,3165000,120,631,29800,111000,0
Preeti Kadam,Female,Gold,Secured,393000,418000,24,602,12900,34000,0
Priya Gaikwad,Female,Home,Secured,735000,2589000,120,732,19300,75000,0
Arjun Joshi,Male,Business,Secured,1337000,3999000,36,685,49700,262000,0
Amit Rao,Male,Personal,Unsecured,3746000,1387000,12,808,177200,1448000,0
Harish Rao,Male,Study,Secured,884000,226000,120,715,37900,294000,0
Aditya Sharma,Male,Personal,Unsecured,395000,50000,36,609,9600,45000,0
Praveen Gaikwad,Male,Gold,Secured,455000,509000,60,472,16900,190000,0
Deepa Mehta,Female,Study,Unsecured,965000,1277000,84,700,42500,179000,0
Deepak Chavan,Male,Business,Unsecured,1881000,1685000,36,492,72400,1481000,0
Gaurav Singh,Male,Study,Unsecured,1398000,450000,48,608,47400,96000,0
Nikhil Singh,Male,Study,Secured,1268000,237000,36,601,52700,181000,0
Gaurav Reddy,Male,Home,Secured,2023000,6837000,180,624,107500,590000,0
Kavya Iyer,Female,Personal,Unsecured,663000,188000,60,535,15900,516000,0
Pooja Sharma,Female,Card,Unsecured,995000,350000,12,600,33700,62000,0
Aarav Pawar,Male,Home,Secured,740000,1672000,240,806,25400,67000,1
Sachin Iyer,Male,Study,Unsecured,848000,1081000,48,806,34000,77000,0
Kunal Hegde,Male,Card,Unsecured,566000,305000,48,849,14700,5000,1
Amit Gupta,Male,Home,Secured,815000,2162000,240,681,21800,197000,1
Aditya Chavan,Male,Study,Unsecured,970000,336000,60,710,29400,260000,0
Vikram Gupta,Male,Personal,Unsecured,803000,349000,36,808,42300,194000,0
Aarav Gupta,Male,Business,Unsecured,901000,2011000,36,518,40800,219000,0
Sachin Nair,Male,Home,Secured,1230000,4805000,240,769,52800,34000,0
Shreya Kadam,Female,Home,Secured,1946000,2345000,240,823,93500,164000,1
Manish Gupta,Male,Study,Secured,2025000,230000,60,582,50800,235000,1
Kiran Kulkarni,Male,Gold,Secured,1497000,308000,36,832,74100,471000,1
Ananya Joshi,Female,Study,Secured,492000,308000,60,900,20000,31000,1
Anand Kulkarni,Male,Business,Unsecured,808000,2033000,84,766,25900,14000,0
Neha Pawar,Female,Home,Secured,847000,500000,180,745,40700,133000,1
Neha Verma,Female,Study,Unsecured,686000,507000,84,557,32600,114000,0
Deepak Nair,Male,Home,Secured,1189000,1965000,180,798,58300,214000,0
Suresh Gaikwad,Male,Card,Unsecured,410000,50000,12,567,10100,136000,0
Radhika Nair,Female,Gold,Secured,2499000,1825000,24,721,132800,98000,0
Kiran Sharma,Male,Study,Unsecured,1900000,868000,48,732,100400,535000,0
Abhishek More,Male,Card,Unsecured,1281000,402000,12,317,42000,516000,0
Divya Kadam,Female,Home,Secured,952000,2827000,120,725,21900,118000,0
Nikhil Sharma,Male,Study,Unsecured,1935000,1606000,48,900,51100,722000,1
Pradeep Kumar,Male,Personal,Unsecured,1439000,206000,12,450,77600,502000,0
Anjali Kadam,Female,Card,Unsecured,1810000,1396000,24,674,71700,465000,0
Rajesh Sharma,Male,Personal,Unsecured,953000,502000,36,466,31200,348000,0
Gaurav Bhat,Male,Study,Unsecured,2634000,3088000,120,582,80200,534000,0
Sneha Reddy,Female,Gold,Secured,1871000,395000,36,468,55000,1257000,0
Vikram Shah,Male,Home,Secured,1303000,866000,240,698,56000,460000,1
Sneha Singh,Female,Personal,Unsecured,1965000,127000,36,767,68400,659000,1
Ritu Iyer,Female,Study,Unsecured,782000,285000,36,725,41500,182000,0
Ramesh Verma,Male,Personal,Unsecured,518000,187000,36,578,22600,52000,0
Anand Gupta,Male,Personal,Unsecured,1175000,883000,36,613,55500,311000,0
Rohan Kadam,Male,Home,Secured,954000,2003000,180,710,29200,271000,0
Arjun Hegde,Male,Home,Secured,883000,1339000,60,581,20700,4000,0
Aditya Joshi,Male,Gold,Secured,1922000,1704000,36,534,71300,891000,0
Vidya Reddy,Female,Business,Secured,1079000,650000,12,654,33800,364000,0
Amit Verma,Male,Home,Secured,1138000,2997000,180,576,31400,223000,0
Sachin Deshmukh,Male,Personal,Unsecured,823000,392000,12,725,43300,103000,0
Anjali Reddy,Female,Personal,Unsecured,1599000,1030000,36,823,57000,558000,0
Rahul Rao,Male,Home,Secured,1448000,5725000,180,900,38600,90000,0
Deepa Hegde,Female,Personal,Unsecured,1592000,379000,12,717,43700,131000,0
Praveen Joshi,Male,Personal,Unsecured,749000,324000,24,751,22600,206000,1
Anand Chavan,Male,Personal,Unsecured,2017000,1476000,36,614,109200,284000,0
Meera Shah,Female,Study,Unsecured,2707000,3246000,84,621,80600,772000,0
Swati Kadam,Female,Home,Secured,1565000,3452000,240,821,49800,99000,1
Tanvi Shah,Female,Business,Secured,631000,1800000,36,650,27000,64000,0
Tanvi Hegde,Female,Business,Unsecured,633000,288000,60,688,19400,40000,1
Anjali Kadam,Female,Business,Unsecured,801000,2254000,36,815,22400,305000,0
Nikhil Kulkarni,Male,Study,Secured,722000,123000,48,650,18900,117000,1
Kiran Pawar,Male,Business,Unsecured,947000,1684000,24,845,29600,128000,0
Anjali Kulkarni,Female,Gold,Secured,1394000,1877000,36,743,34000,8000,0
Vidya Nair,Female,Study,Secured,1155000,540000,48,730,24800,71000,1
Suman Pawar,Female,Business,Unsecured,1100000,1733000,12,609,52400,185000,0
Aditya Iyer,Male,Gold,Secured,862000,478000,36,736,21900,24000,1
Rahul Hegde,Male,Business,Unsecured,945000,2713000,60,633,44100,193000,0
Vidya Shinde,Female,Personal,Unsecured,1526000,1019000,24,732,72400,278000,0
Anand Rao,Male,Home,Secured,326000,972000,60,669,12600,100000,0
Sneha Singh,Female,Home,Secured,978000,2500000,180,786,30500,258000,0
Aishwarya Mehta,Female,Gold,Secured,1154000,1441000,24,677,29600,206000,0
Rahul Chavan,Male,Study,Secured,1515000,983000,60,900,68800,136000,1
Ananya Bhat,Female,Card,Unsecured,565000,218000,24,650,23100,164000,0
Swati Kulkarni,Female,Business,Unsecured,549000,1247000,60,621,23400,155000,0
Kiran Kumar,Male,Personal,Unsecured,1358000,432000,48,718,28700,83000,1
Meera Mehta,Female,Home,Secured,345000,500000,120,799,17900,126000,0
Siddharth Nair,Male,Study,Unsecured,2049000,418000,120,798,47200,53000,1
Divya Jadhav,Female,Business,Secured,1115000,682000,36,698,36900,25000,1
Gaurav Mehta,Male,Card,Unsecured,2321000,1630000,24,717,79500,174000,0
Sunita Jadhav,Female,Home,Secured,542000,1167000,180,717,11300,197000,1
Rahul Shinde,Male,Business,Secured,775000,1724000,12,561,29000,161000,0
Rahul More,Male,Study,Unsecured,300000,195000,36,793,13800,95000,0
Divya More,Female,Business,Unsecured,636000,635000,36,542,30700,214000,0
Aarav Reddy,Male,Business,Secured,890000,1101000,60,562,44600,175000,0
Abhishek Nair,Male,Study,Secured,335000,406000,120,686,12400,48000,1
Sunita Rao,Female,Home,Secured,793000,2132000,180,645,33200,263000,0
Swati Gaikwad,Female,Study,Secured,330000,466000,36,768,7700,3000,1
Harish More,Male,Business,Secured,855000,1826000,60,729,31700,83000,0
Vidya More,Female,Gold,Secured,1850000,1662000,36,695,48100,113000,1
Suresh Gupta,Male,Gold,Secured,966000,922000,48,556,32000,332000,0
Nikhil Mehta,Male,Personal,Unsecured,2451000,1855000,48,683,78000,458000,1
Abhishek Mehta,Male,Personal,Unsecured,1517000,973000,48,674,53000,245000,0
Kavya Jadhav,Female,Card,Unsecured,2067000,141000,24,704,82400,372000,1
Aishwarya Bhat,Female,Business,Secured,646000,1125000,60,633,32900,251000,0
Rakshita Kulkarni,Female,Card,Unsecured,638000,361000,24,738,21700,217000,0
Preeti Jadhav,Female,Home,Secured,1191000,3716000,240,642,63800,337000,0
Rajesh Kulkarni,Male,Business,Unsecured,413000,362000,24,727,19100,48000,0
Siddharth Mehta,Male,Gold,Secured,1276000,1677000,12,768,48300,84000,1
Deepak Pawar,Male,Card,Unsecured,824000,632000,12,621,34900,304000,0
Rahul Mehta,Male,Personal,Unsecured,2046000,466000,36,595,49600,346000,1
Aarav Gaikwad,Male,Study,Secured,1431000,1911000,48,732,70100,160000,0
Preeti Deshmukh,Female,Business,Unsecured,1800000,1011000,36,535,72400,869000,0
Nikhil Bhat,Male,Home,Secured,650000,500000,240,802,34900,239000,0
Rohan Reddy,Male,Study,Secured,1752000,492000,120,681,73700,271000,0
Aditya Sharma,Male,Study,Secured,2179000,394000,48,667,106000,490000,1
Tanvi Kadam,Female,Card,Unsecured,964000,659000,24,740,45800,310000,0
Gaurav More,Male,Personal,Unsecured,656000,62000,48,733,21200,112000,1
Sachin Deshmukh,Male,Home,Secured,662000,960000,240,681,19500,62000,0
Nikhil Patil,Male,Home,Secured,1946000,1680000,180,777,68500,774000,1
Divya Shah,Female,Personal,Unsecured,4310000,1170000,36,606,156900,1649000,0
Ramesh Gupta,Male,Personal,Unsecured,574000,68000,24,758,16600,194000,1
Ritu Nair,Female,Study,Unsecured,550000,569000,84,561,27900,151000,0
Ananya Patil,Female,Personal,Unsecured,1634000,245000,36,736,63600,193000,1
Siddharth Kadam,Male,Card,Unsecured,650000,448000,36,644,34700,237000,0
Deepak Patil,Male,Card,Unsecured,1724000,1143000,12,536,82500,630000,0
Sunita More,Female,Business,Secured,1272000,429000,120,708,50100,407000,1
Siddharth Gupta,Male,Card,Unsecured,972000,702000,36,676,50900,357000,0
Gaurav Shah,Male,Study,Unsecured,1255000,176000,36,510,47300,705000,0
Divya Jadhav,Female,Business,Unsecured,1214000,1150000,60,447,61200,828000,0
Ritu Pawar,Female,Home,Secured,892000,547000,180,663,29200,282000,1
Pooja Joshi,Female,Personal,Unsecured,375000,113000,36,858,12500,29000,1
Sunita Kumar,Female,Business,Unsecured,1086000,1833000,60,715,37800,290000,0
Manish Iyer,Male,Gold,Secured,2339000,2843000,36,606,91300,87000,0
Rahul Singh,Male,Personal,Unsecured,406000,123000,60,799,15900,82000,1
Rakshita Sharma,Female,Gold,Secured,579000,630000,12,780,21600,38000,0
Rahul Patil,Male,Study,Unsecured,1245000,451000,36,820,38600,207000,1
Suresh Singh,Male,Home,Secured,1006000,3146000,120,755,52100,335000,0
Priya Joshi,Female,Card,Unsecured,1234000,280000,36,777,49900,487000,1
Suresh Kumar,Male,Business,Unsecured,670000,461000,60,760,23100,85000,1
Rahul Nair,Male,Personal,Unsecured,1866000,353000,48,627,79400,397000,0
Gaurav Verma,Male,Study,Unsecured,1010000,358000,60,500,46900,512000,0
Amit Reddy,Male,Home,Secured,1445000,3316000,180,623,76400,552000,0
Kunal Singh,Male,Business,Unsecured,1174000,3030000,120,802,44000,225000,0
Vikram Singh,Male,Personal,Unsecured,1084000,119000,24,638,26600,303000,0
Deepak Patil,Male,Personal,Unsecured,1390000,807000,48,664,49400,513000,0
Suman Reddy,Female,Card,Unsecured,1091000,590000,24,552,40100,163000,0
Sneha More,Female,Business,Unsecured,512000,1360000,60,619,26000,185000,0
Vikram Verma,Male,Home,Secured,1791000,2426000,240,679,60900,657000,1
Tanvi Reddy,Female,Personal,Unsecured,1544000,598000,36,734,81200,575000,0
Aditya Joshi,Male,Card,Unsecured,309000,230000,12,630,11400,33000,0
Gaurav Patil,Male,Home,Secured,687000,1930000,180,622,36600,110000,0
Ananya Gaikwad,Female,Home,Secured,1747000,3251000,180,773,36900,608000,1
Varun Singh,Male,Home,Secured,360000,500000,240,716,18300,52000,0
Suman Reddy,Female,Home,Secured,1654000,2347000,180,729,85800,397000,0
Rahul Deshmukh,Male,Gold,Secured,911000,832000,60,848,48200,43000,0
Swati Rao,Female,Study,Secured,2058000,2275000,48,624,43800,46000,0
Praveen Hegde,Male,Personal,Unsecured,984000,141000,36,675,26100,162000,1
Sunita Gaikwad,Female,Study,Unsecured,662000,622000,60,741,28200,153000,0
Sachin Reddy,Male,Personal,Unsecured,1166000,540000,36,584,25300,183000,0
Jyoti Hegde,Female,Card,Unsecured,968000,422000,60,705,22200,224000,1
Pradeep Singh,Male,Card,Unsecured,630000,358000,36,682,17800,130000,0
Varun Patil,Male,Personal,Unsecured,3335000,2000000,36,900,126400,915000,0
Aishwarya Nair,Female,Gold,Secured,577000,319000,12,691,22500,150000,0
Praveen Pawar,Male,Study,Secured,300000,403000,48,807,6600,51000,1
Kavya More,Female,Personal,Unsecured,2350000,401000,24,771,62300,399000,1
Rakshita Shinde,Female,Home,Secured,714000,789000,240,553,26800,40000,0
Arjun Jadhav,Male,Personal,Unsecured,836000,209000,24,510,34000,425000,0
Meera Sharma,Female,Study,Unsecured,809000,216000,36,707,20900,190000,1
Kunal Shinde,Male,Card,Unsecured,720000,160000,12,818,24600,137000,1
Neha More,Female,Study,Unsecured,646000,161000,36,712,32900,84000,0
Deepak Singh,Male,Gold,Secured,569000,712000,24,689,30800,164000,0
Siddharth Sharma,Male,Business,Secured,1020000,689000,84,649,54800,30000,0
Vidya Hegde,Female,Gold,Secured,789000,904000,36,534,39600,591000,0
Meera Joshi,Female,Study,Secured,1471000,246000,60,574,50000,12000,1
Varun Verma,Male,Personal,Unsecured,1284000,978000,36,502,56100,998000,0
Ritu Kulkarni,Female,Business,Unsecured,591000,1312000,24,559,20500,109000,0
Aarav Gaikwad,Male,Gold,Secured,1045000,114000,48,622,44400,172000,0
Deepak Nair,Male,Home,Secured,782000,2482000,120,765,24400,80000,0
Aditya Gupta,Male,Gold,Secured,571000,468000,24,631,23400,2000,0
Kunal Verma,Male,Home,Secured,1439000,4645000,180,708,55100,158000,0
Suresh Sharma,Male,Business,Unsecured,921000,1576000,24,695,19900,40000,0
Kiran Patil,Male,Gold,Secured,787000,785000,36,735,37100,208000,0
Bhavna Gaikwad,Female,Personal,Unsecured,615000,393000,24,566,13100,78000,0
Pooja Chavan,Female,Home,Secured,559000,1072000,240,797,17100,172000,1
Tanvi Joshi,Female,Personal,Unsecured,2940000,153000,24,525,61800,953000,0
Rohan More,Male,Gold,Secured,1183000,1526000,12,631,39500,426000,0
Kiran Rao,Male,Home,Secured,540000,990000,240,678,12400,113000,0
Suman Deshmukh,Female,Card,Unsecured,1154000,487000,24,764,59200,53000,0
Bhavna Mehta,Female,Home,Secured,1766000,931000,180,832,61300,283000,1
Pradeep Rao,Male,Card,Unsecured,1080000,453000,12,764,39000,89000,0
Jyoti Mehta,Female,Card,Unsecured,2096000,1656000,36,836,68100,167000,1
Neha Chavan,Female,Personal,Unsecured,421000,109000,36,589,17600,85000,0
Swati Patil,Female,Business,Secured,329000,450000,36,811,15500,88000,0
Pallavi Mehta,Female,Personal,Unsecured,1136000,642000,60,792,48200,414000,0
Anand Joshi,Male,Business,Unsecured,1146000,2865000,84,416,52500,574000,0
Rohan Hegde,Male,Home,Secured,300000,588000,240,656,15300,116000,0
Divya Shinde,Female,Home,Secured,699000,1107000,240,746,34700,263000,0
Ritu Gupta,Female,Home,Secured,565000,2137000,120,623,24500,196000,0
Nikhil Kadam,Male,Personal,Unsecured,458000,255000,36,561,12800,92000,0
Rohan Verma,Male,Personal,Unsecured,565000,79000,12,900,23800,32000,1
Aditya Patil,Male,Business,Secured,1366000,664000,24,692,51500,119000,1
Preeti Iyer,Female,Card,Unsecured,563000,232000,60,695,25200,146000,0
Bhavna Chavan,Female,Personal,Unsecured,573000,123000,36,536,27800,260000,0
Ramesh Verma,Male,Business,Secured,404000,398000,36,613,18400,24000,0
Harish Sharma,Male,Personal,Unsecured,1979000,1402000,24,581,97100,379000,0
Rahul Iyer,Male,Gold,Secured,1250000,282000,36,799,28700,9000,1
Priya Iyer,Female,Card,Unsecured,300000,176000,12,736,6600,88000,0
Aishwarya More,Female,Gold,Secured,574000,275000,12,617,16900,17000,0
Ritu Shinde,Female,Card,Unsecured,1317000,817000,12,742,67000,331000,0
Rohan Patil,Male,Home,Secured,1992000,6033000,180,652,96200,632000,0
Suresh Joshi,Male,Gold,Secured,1564000,173000,36,706,68200,83000,1
Manish Kadam,Male,Study,Unsecured,810000,658000,24,705,35800,168000,0
Aditya Singh,Male,Home,Secured,340000,500000,240,726,15300,106000,0
Vidya Verma,Female,Card,Unsecured,1589000,1112000,24,713,83000,166000,0
Pooja Rao,Female,Home,Secured,836000,2968000,180,726,40600,54000,0
Pooja Nair,Female,Study,Unsecured,1023000,701000,120,818,42600,138000,1
Meera Nair,Female,Home,Secured,893000,1835000,180,750,38400,198000,0
Anand Shinde,Male,Personal,Unsecured,467000,130000,48,643,13100,107000,0
Preeti Joshi,Female,Study,Secured,1203000,1327000,120,669,51400,63000,1
Deepa Verma,Female,Business,Unsecured,1115000,1414000,36,815,39000,204000,0
Tanvi Pawar,Female,Personal,Unsecured,779000,195000,36,692,20200,84000,0
Rajesh Deshmukh,Male,Personal,Unsecured,1276000,477000,48,639,60900,430000,0
Rajesh Verma,Male,Gold,Secured,462000,105000,24,611,17500,58000,0
Ramesh Verma,Male,Home,Secured,849000,2643000,120,710,45300,285000,0
Deepa Chavan,Female,Personal,Unsecured,999000,59000,60,586,30200,171000,1
Abhishek Rao,Male,Card,Unsecured,379000,202000,36,821,14000,110000,1
Suresh Gaikwad,Male,Gold,Secured,954000,340000,24,566,34100,195000,0
Radhika Gupta,Female,Personal,Unsecured,1474000,331000,24,843,36600,367000,1
Rohan Kadam,Male,Study,Unsecured,833000,825000,60,649,29200,132000,0
Suresh Iyer,Male,Gold,Secured,966000,1439000,36,562,29400,297000,0
Rajesh Kumar,Male,Gold,Secured,1341000,1594000,36,701,35100,228000,0
Aishwarya Hegde,Female,Business,Secured,795000,723000,60,575,24000,145000,0
Aarav Kulkarni,Male,Home,Secured,836000,933000,180,684,23900,173000,1
Pooja Kumar,Female,Personal,Unsecured,515000,360000,36,616,23300,171000,0
Arjun Bhat,Male,Personal,Unsecured,977000,374000,36,784,21400,258000,1
Rakshita Kumar,Female,Business,Secured,819000,549000,60,695,33900,114000,0
Varun Shinde,Male,Home,Secured,1296000,4559000,180,549,59900,780000,0
Rahul Joshi,Male,Business,Secured,1342000,3360000,36,614,49500,345000,0
Divya Chavan,Female,Personal,Unsecured,1521000,1198000,24,758,78900,566000,0
Amit Shinde,Male,Personal,Unsecured,744000,545000,60,822,33100,250000,0
Rohan Kumar,Male,Gold,Secured,300000,388000,12,675,13700,78000,0
Harish Iyer,Male,Personal,Unsecured,1481000,132000,24,565,40600,202000,1
Divya Deshmukh,Female,Home,Secured,1248000,1080000,180,796,58300,389000,0
Suman Deshmukh,Female,Gold,Secured,694000,622000,48,757,33700,160000,0
Tanvi Verma,Female,Home,Secured,1336000,3153000,120,824,43900,527000,0
Kunal More,Male,Study,Unsecured,444000,329000,36,712,12400,44000,0
Vikram Rao,Male,Study,Unsecured,1735000,1137000,24,623,58400,55000,0
Kunal Mehta,Male,Personal,Unsecured,820000,306000,36,737,37300,23000,0
Praveen Jadhav,Male,Gold,Secured,624000,560000,24,716,21700,160000,0
Siddharth Deshmukh,Male,Business,Unsecured,699000,214000,36,617,31700,263000,0
Aarav Nair,Male,Personal,Unsecured,867000,213000,24,702,21300,1000,1
Kunal Chavan,Male,Home,Secured,978000,2263000,240,659,46700,284000,0
Swati Kadam,Female,Personal,Unsecured,1011000,598000,24,762,29600,266000,1
Kunal Chavan,Male,Card,Unsecured,777000,140000,12,734,22600,228000,0
Amit Nair,Male,Personal,Unsecured,1099000,506000,36,564,44500,156000,0
Pooja Bhat,Female,Business,Unsecured,989000,2205000,120,553,22900,325000,0
Rohan Bhat,Male,Business,Unsecured,690000,1035000,60,670,15000,12000,0
Deepa Kadam,Female,Business,Secured,635000,237000,120,684,18800,192000,1
Bhavna Gaikwad,Female,Home,Secured,1376000,2852000,240,764,53300,147000,0
Vidya Kulkarni,Female,Personal,Unsecured,1314000,358000,12,736,67100,251000,0
Aditya Shinde,Male,Study,Secured,1016000,1424000,60,840,49800,334000,0
Aishwarya Chavan,Female,Home,Secured,1637000,1532000,120,629,60900,178000,0
Arjun Patil,Male,Home,Secured,335000,933000,180,622,7400,25000,0
Suresh Shinde,Male,Home,Secured,722000,500000,120,574,27900,197000,0
Vikram Mehta,Male,Personal,Unsecured,521000,200000,24,762,23100,111000,0
Vidya Mehta,Female,Gold,Secured,3406000,2982000,60,682,109500,701000,1
Manish Bhat,Male,Home,Secured,1458000,2249000,120,476,35800,516000,0
Suresh Bhat,Male,Home,Secured,943000,1973000,240,702,28400,13000,1
Pallavi Gupta,Female,Personal,Unsecured,1516000,262000,12,709,70600,249000,0
Suresh Sharma,Male,Study,Unsecured,1819000,956000,24,664,59200,78000,0
Aditya Hegde,Male,Business,Secured,1809000,3576000,84,713,86600,656000,0
Aarav Mehta,Male,Personal,Unsecured,1635000,452000,36,546,51500,367000,0
Deepak Singh,Male,Study,Unsecured,852000,1158000,60,861,22400,147000,1
Kunal Shah,Male,Business,Unsecured,747000,1492000,24,722,26400,16000,0
Praveen Verma,Male,Gold,Secured,580000,414000,36,485,20800,149000,0
Kavya More,Female,Gold,Secured,1298000,200000,36,679,27700,342000,1
Arjun Bhat,Male,Personal,Unsecured,902000,383000,36,725,22300,233000,1
Nikhil Bhat,Male,Personal,Unsecured,782000,488000,24,558,21100,10000,0
Tanvi Jadhav,Female,Home,Secured,760000,1086000,240,739,18700,0,1
Manish Pawar,Male,Personal,Unsecured,2186000,1432000,36,865,70400,69000,1
Rakshita Reddy,Female,Card,Unsecured,1663000,397000,60,609,88100,508000,0
Aarav Gaikwad,Male,Personal,Unsecured,2694000,1799000,36,727,101900,630000,0
Amit Singh,Male,Home,Secured,1317000,1052000,240,703,55000,20000,1
Manish Singh,Male,Study,Secured,1016000,1334000,24,787,33200,198000,0
Praveen Shah,Male,Business,Secured,971000,1600000,36,668,30700,277000,0
Aarav Nair,Male,Home,Secured,562000,864000,240,563,12100,195000,0
Rajesh Jadhav,Male,Personal,Unsecured,492000,122000,24,779,18500,184000,1
Rohan Jadhav,Male,Personal,Unsecured,1302000,487000,12,569,48100,171000,0
Gaurav Deshmukh,Male,Study,Unsecured,589000,883000,48,879,15400,32000,0
Varun Kadam,Male,Home,Secured,1106000,1406000,120,742,51200,105000,0
Arjun Iyer,Male,Personal,Unsecured,1818000,232000,60,614,67700,564000,0
Rahul Shah,Male,Business,Secured,683000,1284000,84,802,21900,265000,0
Varun Rao,Male,Personal,Unsecured,2975000,1239000,24,679,76500,555000,1
Radhika Kumar,Female,Business,Secured,571000,979000,12,656,22400,70000,0
Rajesh Pawar,Male,Personal,Unsecured,1697000,934000,36,605,77900,291000,0
Deepa Deshmukh,Female,Personal,Unsecured,1244000,311000,36,473,37600,476000,0
Rakshita More,Female,Card,Unsecured,1899000,1392000,60,746,53400,195000,1
Arjun Mehta,Male,Business,Secured,533000,787000,36,501,20400,296000,0
Neha Rao,Female,Home,Secured,3502000,3333000,180,593,91100,22000,0
Aishwarya Bhat,Female,Business,Secured,892000,2055000,36,728,38400,93000,0
Arjun Singh,Male,Study,Unsecured,1429000,1429000,120,625,58600,378000,0
Suresh Verma,Male,Study,Secured,2179000,1181000,60,697,51700,28000,1
Anjali Chavan,Female,Home,Secured,706000,1889000,180,546,15600,176000,0
Sneha Bhat,Female,Card,Unsecured,1551000,333000,24,642,64400,182000,0
Rahul Kulkarni,Male,Personal,Unsecured,644000,247000,36,698,19700,226000,1
Anand Gupta,Male,Home,Secured,2123000,7745000,240,575,50300,650000,0
Suresh Gaikwad,Male,Home,Secured,648000,627000,180,865,29900,6000,1
Deepak Mehta,Male,Home,Secured,1006000,1865000,180,610,31500,202000,0
Kunal Kulkarni,Male,Gold,Secured,1165000,1456000,24,832,42100,128000,0
Pradeep Singh,Male,Home,Secured,1516000,5902000,120,662,43600,393000,0
Aditya More,Male,Home,Secured,2907000,6072000,60,507,121300,1840000,0
Swati Kadam,Female,Gold,Secured,768000,622000,24,555,23700,265000,0
Sachin Verma,Male,Personal,Unsecured,1842000,883000,36,699,97800,350000,0
Kiran Mehta,Male,Home,Secured,2910000,10951000,60,794,128800,1158000,0
Anjali Bhat,Female,Home,Secured,1079000,3781000,120,875,27400,423000,0
Kavya Chavan,Female,Home,Secured,728000,799000,240,694,25300,257000,1
Praveen Gupta,Male,Home,Secured,380000,771000,180,551,12800,87000,0
Arjun Iyer,Male,Study,Unsecured,2774000,2079000,60,711,107200,442000,0
Deepak More,Male,Home,Secured,861000,2808000,180,589,42100,125000,0
Varun Shinde,Male,Home,Secured,568000,1483000,180,723,22900,3000,0
Kunal Reddy,Male,Study,Unsecured,466000,473000,36,576,10700,46000,0
Rajesh Iyer,Male,Study,Unsecured,567000,849000,84,450,24200,358000,0
Gaurav Jadhav,Male,Personal,Unsecured,1633000,173000,12,825,34500,394000,1
Kunal Patil,Male,Business,Secured,1762000,1590000,60,655,82500,646000,0
Praveen Kumar,Male,Personal,Unsecured,1409000,501000,24,685,60700,28000,0
Gaurav Reddy,Male,Personal,Unsecured,1059000,329000,36,790,33000,66000,1
Suresh Rao,Male,Business,Secured,496000,200000,36,887,15200,157000,1
Deepak Kadam,Male,Personal,Unsecured,659000,78000,24,759,31300,95000,1
Manish Kadam,Male,Card,Unsecured,536000,301000,12,691,25200,25000,0
Kavya Iyer,Female,Home,Secured,1349000,4826000,180,731,43900,538000,0
Arjun Iyer,Male,Study,Secured,549000,450000,120,648,16900,173000,0
Divya Gaikwad,Female,Home,Secured,665000,1587000,240,684,26300,109000,0
Meera Shah,Female,Study,Secured,890000,407000,24,696,18800,293000,1
Harish More,Male,Business,Secured,393000,933000,36,593,9300,107000,0
Kiran More,Male,Gold,Secured,1010000,1164000,60,682,25300,319000,0
Manish Chavan,Male,Home,Secured,928000,2375000,180,720,25100,303000,0
Aditya Kadam,Male,Business,Unsecured,1889000,1651000,60,737,71600,64000,0
Anjali Shinde,Female,Business,Secured,627000,352000,120,728,33800,156000,0
Deepak Rao,Male,Study,Secured,482000,92000,84,533,20500,98000,0
Rajesh Gaikwad,Male,Business,Unsecured,802000,1524000,36,815,18300,14000,0
Abhishek Reddy,Male,Business,Secured,538000,1360000,36,806,20600,195000,0
Manish More,Male,Personal,Unsecured,1006000,698000,24,669,37600,212000,0
Deepa Deshmukh,Female,Personal,Unsecured,354000,141000,36,730,9100,104000,0
Aarav Jadhav,Male,Personal,Unsecured,706000,451000,24,656,36400,237000,0
Rohan More,Male,Home,Secured,591000,2254000,120,763,21000,224000,0
Radhika Gaikwad,Female,Card,Unsecured,1345000,345000,24,590,72600,468000,0
Siddharth Reddy,Male,Study,Secured,630000,414000,36,828,21900,122000,1
Nikhil Deshmukh,Male,Card,Unsecured,379000,284000,36,757,15600,51000,0
Nikhil Singh,Male,Home,Secured,881000,1483000,180,760,21400,54000,1
Ramesh Hegde,Male,Gold,Secured,1174000,1619000,24,668,42200,188000,0
Arjun Sharma,Male,Gold,Secured,848000,1249000,24,525,24400,356000,0
Pradeep Deshmukh,Male,Study,Secured,703000,722000,120,777,34200,157000,0
Rohan Sharma,Male,Business,Unsecured,681000,1706000,12,528,32000,408000,0
Rahul Singh,Male,Personal,Unsecured,1048000,642000,36,779,50600,410000,0
Rohan Mehta,Male,Gold,Secured,604000,652000,60,595,27200,176000,0
Ananya Shah,Female,Business,Secured,822000,928000,36,505,39900,482000,0
Ramesh Kadam,Male,Home,Secured,1488000,1041000,180,680,41000,199000,1
Anand Kumar,Male,Personal,Unsecured,481000,148000,60,810,17300,7000,1
Aditya Gupta,Male,Card,Unsecured,961000,529000,24,574,42200,111000,0
Aishwarya Nair,Female,Gold,Secured,368000,90000,36,856,15500,113000,1
Suresh Shinde,Male,Card,Unsecured,1116000,66000,24,752,49900,92000,1
Rahul More,Male,Business,Unsecured,575000,389000,24,697,16300,164000,0
Sunita More,Female,Home,Secured,1725000,5184000,240,632,41600,400000,0
Meera Bhat,Female,Home,Secured,437000,1706000,240,640,22500,30000,0
Ritu Iyer,Female,Home,Secured,1256000,4950000,240,727,49600,131000,0
Aditya Kadam,Male,Home,Secured,1927000,4295000,120,773,50000,383000,0
Varun Shah,Male,Personal,Unsecured,559000,392000,12,615,26400,94000,0
Aishwarya Pawar,Female,Home,Secured,613000,1887000,180,591,31500,191000,0
Tanvi Joshi,Female,Personal,Unsecured,586000,250000,12,656,15500,172000,0
Abhishek Pawar,Male,Card,Unsecured,754000,362000,36,833,36300,173000,0
Amit Kulkarni,Male,Personal,Unsecured,1309000,200000,36,546,68000,908000,0
Nikhil Kulkarni,Male,Gold,Secured,721000,1019000,36,806,37600,162000,0
Bhavna Mehta,Female,Business,Unsecured,532000,665000,36,685,27300,205000,0
Abhishek More,Male,Home,Secured,324000,668000,180,498,12700,107000,0
Rohan Deshmukh,Male,Personal,Unsecured,2376000,1316000,24,629,77700,679000,0
Vikram Kadam,Male,Home,Secured,2481000,4140000,180,747,52300,367000,1
Harish Singh,Male,Personal,Unsecured,1340000,323000,36,878,30600,150000,1
Siddharth Kadam,Male,Study,Secured,631000,621000,60,534,22200,194000,0
Ramesh Joshi,Male,Home,Secured,1485000,872000,240,370,50700,789000,0
Anand Kulkarni,Male,Home,Secured,1659000,5014000,240,536,44800,546000,0
Manish Shinde,Male,Personal,Unsecured,856000,373000,60,804,29100,69000,1
Gaurav Gaikwad,Male,Card,Unsecured,1007000,508000,24,483,26800,800000,0
Siddharth Kulkarni,Male,Study,Unsecured,1939000,1909000,24,845,95300,622000,0
Anand Patil,Male,Study,Secured,399000,334000,48,814,12300,119000,1
Abhishek Deshmukh,Male,Home,Secured,1705000,4329000,240,701,69500,542000,0
Sachin Gaikwad,Male,Study,Secured,831000,879000,48,611,31200,322000,0
Varun Kulkarni,Male,Study,Unsecured,534000,616000,84,686,12000,122000,0
Abhishek Jadhav,Male,Business,Unsecured,559000,1266000,36,747,29200,49000,0
Aditya Chavan,Male,Card,Unsecured,612000,430000,60,730,23500,211000,1
Radhika Pawar,Female,Personal,Unsecured,506000,97000,60,871,16000,150000,1
Gaurav Iyer,Male,Card,Unsecured,2608000,915000,12,651,68100,432000,0
Radhika More,Female,Card,Unsecured,1290000,981000,24,537,41400,625000,0
Abhishek Nair,Male,Home,Secured,1768000,3338000,180,517,38000,790000,0
Meera Joshi,Female,Personal,Unsecured,1342000,193000,24,495,44200,1017000,0
Vidya Kulkarni,Female,Card,Unsecured,1018000,452000,24,702,39200,140000,0
Rajesh Hegde,Male,Home,Secured,1026000,906000,180,654,51200,395000,0
Manish Kulkarni,Male,Business,Unsecured,791000,671000,24,684,34600,288000,0
Praveen Bhat,Male,Card,Unsecured,828000,661000,36,621,20300,209000,0
Praveen Sharma,Male,Business,Secured,454000,800000,60,558,11700,105000,0
Preeti Shinde,Female,Home,Secured,1785000,2667000,60,748,62700,264000,0
Jyoti Rao,Female,Business,Secured,363000,1084000,36,409,9900,77000,0
Deepa More,Female,Home,Secured,550000,2136000,120,592,12000,28000,0
Manish Sharma,Male,Business,Unsecured,2978000,4437000,60,767,142000,898000,0
Jyoti Joshi,Female,Home,Secured,1061000,1498000,120,581,22800,200000,0
Pooja Shinde,Female,Business,Secured,1086000,2784000,84,723,52700,65000,0
Sachin Rao,Male,Business,Secured,1398000,3121000,36,592,35800,148000,0
Nikhil Joshi,Male,Study,Secured,422000,448000,36,630,22500,160000,0
Anjali Iyer,Female,Business,Secured,457000,1239000,36,743,18700,67000,0
Kiran Kumar,Male,Business,Unsecured,771000,1666000,36,539,35000,574000,0
Shreya Hegde,Female,Study,Unsecured,599000,298000,48,762,14700,73000,1
Amit Shinde,Male,Home,Secured,945000,2767000,180,685,46800,205000,0
Sunita Chavan,Female,Business,Unsecured,1286000,1448000,36,818,62800,11000,0
Rohan Nair,Male,Home,Secured,2114000,6675000,120,703,90100,441000,0
Kiran Bhat,Male,Card,Unsecured,1538000,792000,12,562,57800,392000,0
Harish Nair,Male,Home,Secured,570000,500000,240,870,25600,53000,1
Neha Bhat,Female,Personal,Unsecured,801000,348000,36,572,16800,185000,0
Swati Pawar,Female,Study,Secured,690000,401000,48,655,28000,179000,1
Kunal Pawar,Male,Personal,Unsecured,563000,167000,48,785,27600,155000,1
Ramesh Patil,Male,Home,Secured,497000,1296000,180,473,16300,331000,0
Ritu Pawar,Female,Business,Unsecured,2459000,2878000,60,838,60100,306000,1
Amit Deshmukh,Male,Business,Secured,990000,2374000,36,553,34500,225000,0
Bhavna Bhat,Female,Study,Secured,870000,173000,24,630,39200,342000,0
Kunal Mehta,Male,Personal,Unsecured,1285000,701000,60,712,31400,462000,1
Amit Kulkarni,Male,Business,Secured,1321000,3282000,36,675,36600,503000,0
Vikram Kulkarni,Male,Personal,Unsecured,1822000,1011000,36,767,46900,281000,1
Siddharth Kumar,Male,Study,Secured,654000,521000,36,504,31000,440000,0
Preeti Patil,Female,Business,Secured,1229000,3522000,60,760,28200,305000,0
Aarav Jadhav,Male,Business,Unsecured,597000,663000,84,769,26100,20000,0
Rahul Joshi,Male,Home,Secured,887000,503000,60,793,29300,292000,1
Shreya More,Female,Home,Secured,1016000,2044000,240,505,46800,616000,0
Anand Reddy,Male,Home,Secured,1072000,660000,180,518,56800,342000,0
Varun Jadhav,Male,Home,Secured,1046000,4015000,180,642,25800,33000,0
Pooja Kadam,Female,Personal,Unsecured,1530000,317000,36,530,47900,1074000,0
Pallavi Reddy,Female,Business,Unsecured,709000,1723000,84,482,33900,175000,0
Ramesh More,Male,Home,Secured,1088000,3494000,60,638,32300,40000,0
Divya Patil,Female,Card,Unsecured,649000,138000,24,706,18200,111000,1
Tanvi Iyer,Female,Home,Secured,4908000,13125000,240,900,237300,265000,0
Abhishek Mehta,Male,Study,Secured,596000,100000,60,740,32000,218000,0
Sachin Hegde,Male,Business,Secured,670000,1076000,12,873,26400,126000,1
Suman Mehta,Female,Personal,Unsecured,1600000,98000,36,675,48200,364000,1
Swati Joshi,Female,Home,Secured,777000,2894000,180,742,26500,288000,0
Pradeep Gupta,Male,Business,Secured,1600000,4697000,36,664,42400,339000,0
Swati Kulkarni,Female,Personal,Unsecured,1071000,232000,24,900,49500,151000,1
Pallavi Shah,Female,Card,Unsecured,789000,163000,36,605,36800,252000,0
Varun Chavan,Male,Business,Secured,651000,1520000,24,620,32600,115000,0
Kiran Kadam,Male,Card,Unsecured,638000,153000,36,768,13900,81000,1
Rahul Chavan,Male,Home,Secured,794000,2884000,240,703,31400,230000,0
Priya Kumar,Female,Study,Unsecured,895000,809000,48,633,25000,287000,0
Vikram Rao,Male,Business,Unsecured,623000,777000,24,786,20100,197000,0
Deepak Jadhav,Male,Study,Secured,927000,1173000,36,675,43600,363000,0
Deepa Shinde,Female,Home,Secured,539000,1200000,180,675,14700,170000,0
Pallavi Rao,Female,Study,Unsecured,1492000,2053000,60,705,62800,459000,0
Sachin Kumar,Male,Personal,Unsecured,1658000,1237000,24,489,70700,1185000,0
Vidya Mehta,Female,Study,Unsecured,668000,222000,60,505,35200,134000,0
Pradeep Jadhav,Male,Personal,Unsecured,648000,50000,24,800,30200,94000,1
Ritu Deshmukh,Female,Gold,Secured,1086000,1605000,24,606,51700,320000,0
Kunal Chavan,Male,Home,Secured,1975000,7251000,60,665,76100,474000,0
Amit Patil,Male,Gold,Secured,2230000,396000,12,857,60300,158000,1
Tanvi Deshmukh,Female,Gold,Secured,455000,576000,24,670,15900,55000,0
Abhishek Bhat,Male,Gold,Secured,1713000,1269000,24,657,67100,231000,0
Rajesh Pawar,Male,Business,Unsecured,952000,951000,84,779,41400,216000,0
Vidya Reddy,Female,Personal,Unsecured,962000,682000,36,614,39500,320000,0
Shreya Sharma,Female,Card,Unsecured,1300000,257000,24,812,44200,485000,1
Preeti Kadam,Female,Home,Secured,756000,2885000,120,776,22400,227000,1
Pooja Mehta,Female,Business,Secured,1800000,1539000,24,881,47600,607000,0
Siddharth More,Male,Study,Unsecured,2155000,2067000,48,604,94700,405000,0
Praveen Sharma,Male,Study,Unsecured,2199000,907000,48,830,93100,343000,1
Gaurav Jadhav,Male,Home,Secured,357000,860000,180,741,15600,56000,0
Aditya Shah,Male,Study,Secured,868000,918000,36,534,28900,494000,0
Shreya Kumar,Female,Gold,Secured,340000,125000,12,394,10100,93000,0
Harish Bhat,Male,Home,Secured,646000,1501000,60,592,29800,150000,0
Gaurav Verma,Male,Card,Unsecured,300000,121000,12,712,14000,80000,0
Vikram Iyer,Male,Home,Secured,1261000,944000,240,728,45400,221000,1
Neha Verma,Female,Personal,Unsecured,1111000,737000,24,674,45800,424000,0
Aarav Mehta,Male,Home,Secured,776000,1300000,180,674,25800,189000,1
Kunal Deshmukh,Male,Home,Secured,637000,1600000,180,666,28200,56000,0
Aditya More,Male,Card,Unsecured,1170000,510000,48,793,57000,224000,0
Sachin Verma,Male,Personal,Unsecured,565000,246000,48,522,24700,342000,0
Ramesh Verma,Male,Personal,Unsecured,544000,71000,36,710,20600,70000,1
Aishwarya Hegde,Female,Home,Secured,508000,1007000,60,589,18300,16000,0
Radhika Kumar,Female,Business,Unsecured,880000,1339000,36,580,37200,205000,0
Harish Reddy,Male,Business,Secured,715000,1631000,60,809,31100,271000,0
Pallavi Rao,Female,Personal,Unsecured,797000,542000,12,572,31400,155000,0
Kavya Joshi,Female,Personal,Unsecured,1312000,602000,36,665,54700,476000,0
Sunita Patil,Female,Gold,Secured,1672000,370000,48,895,40200,558000,1
Rajesh Bhat,Male,Personal,Unsecured,2186000,498000,24,772,114900,129000,1
Siddharth Kadam,Male,Personal,Unsecured,1018000,177000,12,630,48000,288000,0
Varun Kulkarni,Male,Personal,Unsecured,1192000,171000,12,639,39700,208000,0
Anand Shinde,Male,Study,Unsecured,1092000,669000,48,545,43200,382000,0
Suman Rao,Female,Personal,Unsecured,392000,87000,12,823,8800,108000,1
Pallavi Singh,Female,Business,Secured,803000,714000,60,791,17800,239000,1
Vidya Rao,Female,Personal,Unsecured,805000,73000,36,756,23500,58000,1
Harish Shinde,Male,Card,Unsecured,743000,50000,12,768,32600,272000,1
Anand Gupta,Male,Personal,Unsecured,963000,122000,48,595,47400,289000,0
Kavya Bhat,Female,Study,Unsecured,873000,298000,48,510,34500,664000,0
Ananya Jadhav,Female,Personal,Unsecured,572000,213000,12,742,22100,73000,0
Rohan Singh,Male,Home,Secured,906000,2072000,240,778,31000,340000,1
Meera Sharma,Female,Study,Unsecured,693000,206000,60,857,18200,102000,1
Sunita Shinde,Female,Personal,Unsecured,300000,111000,36,658,7400,6000,1
Rohan Joshi,Male,Gold,Secured,457000,264000,48,642,21100,139000,0
Siddharth Shinde,Male,Card,Unsecured,1034000,194000,36,654,53500,291000,0
Praveen Chavan,Male,Gold,Secured,1795000,197000,48,754,64800,429000,1
Kiran Pawar,Male,Home,Secured,300000,640000,180,649,12800,59000,0
Amit Pawar,Male,Study,Unsecured,610000,647000,60,674,31300,8000,0
Deepa Jadhav,Female,Personal,Unsecured,1248000,274000,60,771,29700,312000,1
Pradeep Mehta,Male,Gold,Secured,1596000,454000,36,611,74200,266000,0
Arjun Jadhav,Male,Business,Unsecured,781000,2105000,24,833,32300,175000,0
Suresh Kulkarni,Male,Gold,Secured,676000,328000,36,750,27600,116000,1
Amit Kadam,Male,Personal,Unsecured,1926000,419000,36,476,58900,1502000,0
Kavya Gaikwad,Female,Business,Secured,1526000,3989000,24,623,66600,369000,0
Suresh Rao,Male,Home,Secured,1579000,5305000,240,457,74700,1026000,0
Nikhil Hegde,Male,Study,Unsecured,761000,554000,36,658,18700,285000,0
Ritu Singh,Female,Personal,Unsecured,1817000,758000,12,625,70200,430000,0
Deepak Mehta,Male,Business,Secured,338000,300000,120,772,8200,2000,1
Varun Joshi,Male,Study,Unsecured,1834000,384000,48,583,91600,25000,0
Pradeep Verma,Male,Business,Secured,949000,1754000,12,723,35800,267000,0
Siddharth Hegde,Male,Home,Secured,1057000,892000,180,743,50500,118000,1
Rohan Nair,Male,Business,Unsecured,585000,885000,60,708,19400,136000,0
Rohan Chavan,Male,Personal,Unsecured,363000,274000,12,805,9100,29000,0
Kiran Singh,Male,Personal,Unsecured,1045000,799000,60,900,23200,113000,1
Neha Sharma,Female,Home,Secured,1333000,1783000,180,692,40300,269000,1
Aarav Gaikwad,Male,Home,Secured,1449000,3890000,180,725,42000,565000,0
Arjun Deshmukh,Male,Personal,Unsecured,1366000,554000,36,583,54000,337000,0
Aishwarya Shah,Female,Study,Unsecured,1206000,1599000,60,568,26000,452000,0
Amit Kulkarni,Male,Home,Secured,592000,858000,120,794,22600,227000,0
Neha Iyer,Female,Personal,Unsecured,1502000,79000,24,779,50900,125000,1
Harish Pawar,Male,Card,Unsecured,557000,96000,36,567,22300,69000,0
Shreya Reddy,Female,Home,Secured,1810000,3119000,240,536,80100,1198000,0
Kiran Iyer,Male,Business,Unsecured,940000,1083000,12,609,39500,326000,0
Praveen Hegde,Male,Study,Secured,958000,1157000,60,664,51400,199000,0
Aarav Nair,Male,Card,Unsecured,1585000,888000,48,635,40300,630000,0
Tanvi Kadam,Female,Study,Secured,1708000,887000,36,698,60000,8000,1
Kunal Nair,Male,Study,Unsecured,1504000,1114000,24,781,52600,180000,0
Aditya Kulkarni,Male,Gold,Secured,627000,147000,24,731,21800,156000,1
Vikram Gaikwad,Male,Personal,Unsecured,1498000,1084000,36,739,64400,281000,0
Rakshita Patil,Female,Gold,Secured,629000,887000,12,410,23400,170000,0
Aarav Kulkarni,Male,Home,Secured,1519000,5969000,180,502,57800,639000,0
Bhavna Verma,Female,Card,Unsecured,450000,316000,36,592,15900,5000,0
Amit Patil,Male,Personal,Unsecured,935000,169000,36,611,50400,240000,0
Suresh Shinde,Male,Business,Secured,627000,266000,24,772,32400,224000,0
Vikram Chavan,Male,Personal,Unsecured,1589000,770000,24,583,49400,562000,0
Vikram Pawar,Male,Study,Unsecured,1818000,2505000,60,753,44600,509000,0
Pradeep Shah,Male,Home,Secured,1098000,1231000,240,594,53600,205000,0
Aditya Rao,Male,Gold,Secured,1079000,119000,48,548,58300,547000,0
Meera Reddy,Female,Gold,Secured,1450000,1780000,36,553,44400,79000,0
Suresh Kadam,Male,Home,Secured,1824000,1402000,180,900,59800,249000,1
Abhishek Verma,Male,Gold,Secured,1005000,683000,24,591,52500,75000,0
Harish Patil,Male,Study,Unsecured,748000,786000,36,756,33300,246000,0
Pradeep Hegde,Male,Business,Secured,1406000,1321000,24,509,43100,1053000,0
Kunal Jadhav,Male,Personal,Unsecured,354000,50000,36,836,14200,76000,1
Aarav Kadam,Male,Personal,Unsecured,1624000,1019000,24,718,84900,473000,0
Rohan Shinde,Male,Home,Secured,666000,1802000,120,710,31900,32000,0
Ananya Gupta,Female,Personal,Unsecured,863000,683000,60,726,39300,210000,0
Radhika Rao,Female,Card,Unsecured,1630000,502000,12,738,74000,458000,0
Deepak Shah,Male,Home,Secured,783000,561000,120,769,21000,142000,1
Praveen Hegde,Male,Gold,Secured,1406000,1586000,12,614,67900,137000,0
Suman Bhat,Female,Personal,Unsecured,1842000,813000,36,608,55300,646000,0
Amit Reddy,Male,Business,Unsecured,1046000,916000,60,685,54200,311000,0
Kiran Rao,Male,Study,Unsecured,1169000,1396000,48,755,38600,421000,0
Rohan Sharma,Male,Gold,Secured,922000,355000,36,673,45600,302000,0
Bhavna Hegde,Female,Personal,Unsecured,1049000,258000,36,765,31200,416000,1
Ananya Verma,Female,Personal,Unsecured,533000,64000,48,748,20200,41000,1
Rohan Singh,Male,Personal,Unsecured,838000,293000,60,656,20400,29000,1
Abhishek Rao,Male,Home,Secured,485000,954000,240,488,20800,195000,0
Siddharth Joshi,Male,Personal,Unsecured,601000,262000,36,625,29300,31000,0
Shreya Shinde,Female,Personal,Unsecured,327000,190000,12,872,14600,68000,0
Aarav Singh,Male,Personal,Unsecured,1138000,830000,12,717,43600,288000,0
Praveen Gaikwad,Male,Study,Unsecured,2496000,731000,24,610,55800,577000,0
Sneha Kulkarni,Female,Personal,Unsecured,766000,70000,36,708,39800,79000,0
Nikhil Joshi,Male,Personal,Unsecured,1674000,107000,48,754,74200,609000,1
Anjali Kadam,Female,Personal,Unsecured,1829000,288000,36,610,83600,15000,0
Rohan Kadam,Male,Study,Unsecured,509000,520000,24,816,24100,71000,0
Kunal Iyer,Male,Gold,Secured,573000,641000,36,735,26200,165000,0
Varun Iyer,Male,Business,Secured,1698000,4115000,120,559,60300,521000,0
Pooja Reddy,Female,Study,Unsecured,936000,413000,48,774,42400,156000,1
Jyoti Kumar,Female,Personal,Unsecured,484000,135000,48,635,20200,3000,0
Shreya Patil,Female,Business,Secured,694000,1113000,84,660,34200,172000,0
Manish Rao,Male,Personal,Unsecured,1240000,121000,60,568,59000,31000,0
Preeti Pawar,Female,Personal,Unsecured,636000,323000,36,749,14100,27000,1
Aarav Joshi,Male,Study,Unsecured,300000,443000,60,664,10000,78000,0
Praveen Verma,Male,Gold,Secured,825000,499000,24,754,18100,103000,1
Pallavi Iyer,Female,Home,Secured,862000,2702000,60,619,20900,120000,0
Vikram Iyer,Male,Business,Unsecured,990000,1634000,36,607,40500,193000,0
Rahul Kadam,Male,Business,Secured,1968000,1270000,24,598,98300,770000,0
Arjun Patil,Male,Home,Secured,1014000,2573000,240,724,25200,392000,0
Rajesh Iyer,Male,Home,Secured,1125000,1743000,120,605,40400,187000,0
Varun Bhat,Male,Personal,Unsecured,1760000,133000,48,658,90100,187000,0
Arjun Jadhav,Male,Home,Secured,990000,2695000,180,623,47500,120000,0
Anand Joshi,Male,Home,Secured,3189000,11181000,180,728,121700,343000,0
Tanvi More,Female,Personal,Unsecured,491000,152000,60,489,22900,255000,0
Aishwarya Pawar,Female,Personal,Unsecured,589000,202000,24,707,22500,143000,0
Anand Pawar,Male,Study,Unsecured,1380000,1859000,48,870,36000,270000,0
Rohan Mehta,Male,Business,Secured,1963000,4901000,24,816,49100,320000,0
Rajesh Gupta,Male,Card,Unsecured,882000,517000,36,612,23900,75000,0
Varun Nair,Male,Personal,Unsecured,565000,134000,24,734,18400,109000,1
Siddharth Iyer,Male,Study,Secured,2594000,3565000,48,713,134500,354000,0
Shreya Gaikwad,Female,Gold,Secured,637000,201000,36,842,30300,138000,1
Rajesh Rao,Male,Study,Unsecured,1186000,1159000,60,404,41800,718000,0
Varun Iyer,Male,Personal,Unsecured,2028000,145000,36,802,75600,514000,1
Abhishek Joshi,Male,Study,Secured,772000,773000,48,651,22900,143000,1
Kunal Kulkarni,Male,Home,Secured,699000,1028000,180,598,31000,155000,0
Kavya Bhat,Female,Personal,Unsecured,726000,281000,48,595,34600,83000,0
Shreya Sharma,Female,Business,Secured,1617000,1992000,36,537,46600,347000,0
Abhishek Shinde,Male,Business,Secured,1764000,1352000,36,612,39200,441000,0
Ritu Shah,Female,Home,Secured,1003000,2685000,180,561,41800,101000,0
Kunal Patil,Male,Card,Unsecured,2774000,1974000,48,700,109800,742000,0
Shreya Iyer,Female,Study,Unsecured,1002000,1446000,48,745,34300,299000,0
Shreya Kulkarni,Female,Personal,Unsecured,2004000,389000,24,652,84800,734000,1
Rahul Singh,Male,Card,Unsecured,776000,456000,36,845,30400,297000,0
Aditya Gupta,Male,Personal,Unsecured,3554000,1948000,36,620,103700,15000,0
Anand More,Male,Card,Unsecured,2335000,718000,12,646,79600,925000,0
Suresh Jadhav,Male,Business,Secured,918000,323000,36,628,32200,251000,0
Tanvi Hegde,Female,Home,Secured,2167000,6315000,240,746,108700,558000,0
Gaurav Hegde,Male,Study,Unsecured,2108000,3001000,120,757,111400,13000,0
Pradeep Patil,Male,Study,Unsecured,2313000,2278000,60,734,117000,797000,0
Deepa Iyer,Female,Study,Unsecured,300000,213000,48,666,13400,17000,0
Preeti Kadam,Female,Card,Unsecured,1462000,649000,24,533,59000,1027000,0
Kunal Deshmukh,Male,Study,Secured,1327000,504000,84,645,58100,8000,0
Sachin Shinde,Male,Business,Secured,1276000,2969000,84,843,66500,330000,0
Amit Patil,Male,Gold,Secured,1110000,1271000,24,791,32400,193000,0
Pradeep Sharma,Male,Study,Secured,1128000,343000,36,712,43600,91000,1
Vidya Gupta,Female,Personal,Unsecured,1994000,1413000,36,638,87400,86000,0
Suresh Kulkarni,Male,Gold,Secured,1325000,632000,24,679,57600,233000,0
Rohan Bhat,Male,Home,Secured,1109000,4367000,180,638,32400,55000,0
Aditya Jadhav,Male,Study,Secured,1843000,1172000,36,811,74400,359000,0
Aarav Singh,Male,Gold,Secured,1239000,432000,24,588,58700,310000,0
Swati Gaikwad,Female,Study,Unsecured,1306000,774000,48,782,47900,432000,1
Anjali Singh,Female,Study,Secured,2749000,1969000,60,622,130000,746000,0
Pradeep More,Male,Study,Secured,775000,153000,48,825,25400,20000,1
Pradeep Iyer,Male,Personal,Unsecured,428000,207000,24,727,22300,53000,0
Nikhil Rao,Male,Gold,Secured,1025000,960000,24,598,39600,118000,0
Shreya Pawar,Female,Home,Secured,1108000,3420000,180,646,45100,406000,0
Bhavna More,Female,Home,Secured,1464000,881000,120,758,32000,508000,1
Arjun Kadam,Male,Personal,Unsecured,1044000,476000,24,625,27700,155000,0
Rajesh Joshi,Male,Business,Secured,1492000,661000,60,682,62600,42000,1
Bhavna Pawar,Female,Business,Unsecured,3904000,8562000,12,624,136000,1396000,0
Rahul Gaikwad,Male,Gold,Secured,1530000,272000,12,874,57800,544000,1
Divya Kulkarni,Female,Personal,Unsecured,1685000,1236000,12,892,38600,576000,0
Harish Reddy,Male,Personal,Unsecured,917000,529000,36,841,44600,310000,0
Manish Patil,Male,Home,Secured,460000,1047000,240,666,21600,88000,0
Harish Reddy,Male,Personal,Unsecured,300000,114000,12,636,8100,21000,0
Aditya Jadhav,Male,Business,Unsecured,740000,483000,120,594,31100,141000,0
Aditya Gaikwad,Male,Home,Secured,300000,500000,120,849,14400,59000,0
Shreya Sharma,Female,Personal,Unsecured,1306000,916000,48,782,55100,256000,0
Arjun Gaikwad,Male,Home,Secured,798000,2925000,180,788,24900,172000,0
Vikram Joshi,Male,Home,Secured,478000,500000,180,653,20400,49000,1
Harish Chavan,Male,Personal,Unsecured,1058000,524000,36,487,29500,444000,0
Gaurav Reddy,Male,Home,Secured,656000,1980000,180,512,20600,302000,0
Vikram Singh,Male,Study,Unsecured,1262000,1219000,84,686,36400,66000,1
Rajesh Mehta,Male,Gold,Secured,1453000,311000,36,623,57200,265000,0
Priya Nair,Female,Business,Unsecured,669000,594000,36,610,16400,217000,0
Gaurav Patil,Male,Card,Unsecured,864000,205000,12,718,44900,286000,0
Arjun Iyer,Male,Personal,Unsecured,1108000,747000,12,792,35400,182000,0
Rohan Hegde,Male,Business,Unsecured,454000,704000,84,603,12800,94000,0
Swati Shinde,Female,Card,Unsecured,1108000,460000,36,536,41400,244000,0
Pallavi Bhat,Female,Home,Secured,448000,1690000,180,605,13500,121000,0
Swati Joshi,Female,Card,Unsecured,1344000,709000,36,565,52000,218000,0
Gaurav Iyer,Male,Home,Secured,775000,2825000,240,745,25100,138000,0
Gaurav Singh,Male,Personal,Unsecured,447000,175000,36,680,11300,156000,1
Kiran Shinde,Male,Home,Secured,716000,732000,240,887,21300,132000,1
Aarav Kumar,Male,Study,Unsecured,733000,1028000,60,761,26000,6000,0
Kunal Kadam,Male,Business,Secured,1772000,2726000,36,880,38700,161000,0
Gaurav Mehta,Male,Study,Unsecured,1083000,384000,36,526,50400,526000,0
Kiran More,Male,Personal,Unsecured,582000,161000,48,322,24200,265000,0
Suresh Gupta,Male,Personal,Unsecured,2439000,215000,24,707,99700,839000,0
Pallavi Deshmukh,Female,Home,Secured,1390000,2973000,240,694,54300,301000,0
Gaurav Gupta,Male,Personal,Unsecured,818000,564000,12,666,33100,226000,0
Gaurav Jadhav,Male,Card,Unsecured,419000,314000,12,691,21800,79000,0
Vidya Pawar,Female,Personal,Unsecured,780000,585000,60,556,16500,137000,0
Siddharth Gaikwad,Male,Gold,Secured,872000,240000,36,742,19600,156000,1
Shreya Kumar,Female,Gold,Secured,1206000,766000,24,761,32800,198000,1
Manish Shah,Male,Personal,Unsecured,1375000,98000,36,548,36300,719000,0
Anand Pawar,Male,Business,Unsecured,1534000,4002000,60,641,41200,154000,0
Deepa Nair,Female,Home,Secured,406000,713000,180,648,17600,145000,0
Ritu Nair,Female,Home,Secured,1104000,2991000,60,606,39900,147000,0
Priya Singh,Female,Home,Secured,902000,2708000,240,552,48600,53000,0
Pradeep Pawar,Male,Business,Unsecured,4295000,6273000,84,681,122000,166000,0
Pradeep Singh,Male,Personal,Unsecured,1020000,285000,12,709,31800,5000,1
Arjun Kadam,Male,Business,Unsecured,699000,2026000,84,613,37500,118000,0
Manish Reddy,Male,Business,Secured,1046000,3038000,84,560,50800,78000,0
Aishwarya Sharma,Female,Personal,Unsecured,980000,262000,36,725,35800,8000,1
Manish Kumar,Male,Study,Unsecured,330000,255000,60,596,13000,69000,0
Rakshita Singh,Female,Study,Unsecured,1233000,1803000,48,646,60300,335000,0
Anand Gaikwad,Male,Home,Secured,830000,500000,120,632,30600,28000,0
